Metric,Value
Accuracy,0.9994163507617481
ROC AUC Score,0.9993579450248505
Log Loss,0.002017564789570415
