Metric,Value
Accuracy,0.9994182581121999
ROC AUC Score,0.9994156556729393
Log Loss,0.002037875325774695
